{
    "parent": "item/generated",
    "textures": {
        "layer0": "item/bundle"
    },
    "overrides": [
        { "predicate": { "filled": 0.0000001 }, "model": "item/bundle_filled" },
        {"predicate": {"custom_model_data":5101008 }, "model": "tsurvival:item/bundles/old_bundle"},
        {"predicate": {"custom_model_data":5101008,"filled": 0.0000001 }, "model": "tsurvival:item/bundles/old_bundle_filled"},
        {"predicate": {"custom_model_data":5101019 }, "model": "tsurvival:item/bundles/bastion_bundle"},
        {"predicate": {"custom_model_data":5101019,"filled": 0.0000001 }, "model": "tsurvival:item/bundles/bastion_bundle_filled"},
        {"predicate": {"custom_model_data":5101020 }, "model": "tsurvival:item/bundles/end_bundle"},
        {"predicate": {"custom_model_data":5101020,"filled": 0.0000001 }, "model": "tsurvival:item/bundles/end_bundle_filled"},
        {"predicate": {"custom_model_data":5101021 }, "model": "tsurvival:item/bundles/fortress_bundle"},
        {"predicate": {"custom_model_data":5101021,"filled": 0.0000001 }, "model": "tsurvival:item/bundles/fortress_bundle_filled"},
        {"predicate": {"custom_model_data":5101022 }, "model": "tsurvival:item/bundles/mansion_bundle"},
        {"predicate": {"custom_model_data":5101022,"filled": 0.0000001 }, "model": "tsurvival:item/bundles/mansion_bundle_filled"},
        {"predicate": {"custom_model_data":5101023 }, "model": "tsurvival:item/bundles/mineshaft_bundle"},
        {"predicate": {"custom_model_data":5101023,"filled": 0.0000001 }, "model": "tsurvival:item/bundles/mineshaft_bundle_filled"},
        {"predicate": {"custom_model_data":5101024 }, "model": "tsurvival:item/bundles/nether_bundle"},
        {"predicate": {"custom_model_data":5101024,"filled": 0.0000001 }, "model": "tsurvival:item/bundles/nether_bundle_filled"},
        {"predicate": {"custom_model_data":5101025 }, "model": "tsurvival:item/bundles/overworld_bundle"},
        {"predicate": {"custom_model_data":5101025,"filled": 0.0000001 }, "model": "tsurvival:item/bundles/overworld_bundle_filled"},
        {"predicate": {"custom_model_data":5101026 }, "model": "tsurvival:item/bundles/stronghold_bundle"},
        {"predicate": {"custom_model_data":5101026,"filled": 0.0000001 }, "model": "tsurvival:item/bundles/stronghold_bundle_filled"}
    ]
}