{
  "sources": [
    {
      "type": "directory",
      "source": "blocks",
      "prefix": "blocks/"
    },
    {
      "type": "directory",
      "source": "food",
      "prefix": "food/"
    },
    {
      "type": "directory",
      "source": "tools",
      "prefix": "tools/"
    },
    {
      "type": "directory",
      "source": "icons",
      "prefix": "icons/"
    },
    {
      "type": "directory",
      "source": "materials",
      "prefix": "materials/"
    }
  ]
}
