{
	"credit": "Made with Blockbench",
	"texture_size": [64, 64],
	"textures": {
		"1": "doggy_care:blocks/dog_beds/outline/base_crimson",
		"2": "doggy_care:blocks/dog_beds/coushion/red",
		"particle": "doggy_care:blocks/dog_beds/outline/base_crimson"
	},
	"elements": [
		{
			"name": "cushion",
			"from": [1, 1, 1],
			"to": [15, 9.1, 15],
			"rotation": {"angle": 0, "axis": "y", "origin": [8, 5.05, 8]},
			"faces": {
				"north": {"uv": [1, 4.5, 15, 8.5], "texture": "#2"},
				"east": {"uv": [1, 1, 15, 5], "texture": "#2"},
				"south": {"uv": [1, 7.5, 15, 11.25], "texture": "#2"},
				"west": {"uv": [1, 10.5, 15, 14.5], "texture": "#2"},
				"up": {"uv": [15, 15, 1, 1], "texture": "#2"},
				"down": {"uv": [15, 1, 1, 15], "texture": "#2"}
			}
		},
		{
			"name": "left_top",
			"from": [0, 11, 11],
			"to": [1, 12, 16],
			"faces": {
				"north": {"uv": [15, 1, 16, 0], "texture": "#1"},
				"east": {"uv": [1, 4, 6, 5], "texture": "#1"},
				"south": {"uv": [0, 5, 1, 6], "texture": "#1"},
				"west": {"uv": [10.75, 5, 16, 6], "texture": "#1"},
				"up": {"uv": [9, 5, 8, 0], "texture": "#1"},
				"down": {"uv": [7, 4, 6, 8], "texture": "#1"}
			}
		},
		{
			"name": "right_top",
			"from": [15, 11, 11],
			"to": [16, 12, 16],
			"faces": {
				"north": {"uv": [6, 6.75, 6.25, 7], "texture": "#1"},
				"east": {"uv": [4.75, 6.75, 6, 7], "texture": "#1"},
				"south": {"uv": [15, 4, 16, 5], "texture": "#1"},
				"west": {"uv": [6.25, 6.75, 7.5, 7], "texture": "#1"},
				"up": {"uv": [4, 5, 3, 0], "texture": "#1"},
				"down": {"uv": [11, 2, 10, 7], "texture": "#1"}
			}
		},
		{
			"name": "bottom",
			"from": [0, 0, 0],
			"to": [16, 1, 16],
			"faces": {
				"north": {"uv": [0, 15, 16, 16], "texture": "#1"},
				"east": {"uv": [0, 14, 16, 15], "texture": "#1"},
				"south": {"uv": [0, 15, 16, 16], "texture": "#1"},
				"west": {"uv": [0, 14, 16, 15], "texture": "#1"},
				"up": {"uv": [8, 4, 4, 0], "texture": "#1"},
				"down": {"uv": [16, 0, 0, 16], "texture": "#1"}
			}
		},
		{
			"name": "large_front",
			"from": [1, 1, 0],
			"to": [15, 7, 1],
			"faces": {
				"north": {"uv": [1, 9, 15, 15], "texture": "#1"},
				"east": {"uv": [8.5, 14.5, 8.75, 16], "texture": "#1"},
				"south": {"uv": [0, 9, 16, 15], "texture": "#1"},
				"west": {"uv": [12.25, 14.5, 12.5, 16], "texture": "#1"},
				"up": {"uv": [16, 3, 2, 2], "texture": "#1"},
				"down": {"uv": [15.75, 14.25, 12.25, 14.5], "texture": "#1"}
			}
		},
		{
			"name": "right_front",
			"from": [12, 7, 0],
			"to": [15, 11, 1],
			"faces": {
				"north": {"uv": [1, 5, 4, 9], "texture": "#1"},
				"east": {"uv": [14, 12.5, 14.25, 13.5], "texture": "#1"},
				"south": {"uv": [12, 5, 15, 9], "texture": "#1"},
				"west": {"uv": [0, 5, 1, 9], "texture": "#1"},
				"up": {"uv": [4.25, 16, 1, 15], "texture": "#1"},
				"down": {"uv": [15.75, 12.25, 15, 12.5], "texture": "#1"}
			}
		},
		{
			"name": "left_front",
			"from": [1, 7, 0],
			"to": [4, 11, 1],
			"faces": {
				"north": {"uv": [12.25, 5, 15, 9], "texture": "#1"},
				"east": {"uv": [15, 5, 16, 9], "texture": "#1"},
				"south": {"uv": [1, 5, 3.75, 9], "texture": "#1"},
				"west": {"uv": [15, 11.25, 15.25, 12.25], "texture": "#1"},
				"up": {"uv": [15, 15, 12, 16], "texture": "#1"},
				"down": {"uv": [15.75, 11, 15, 11.25], "texture": "#1"}
			}
		},
		{
			"name": "left",
			"from": [0, 1, 0],
			"to": [1, 11, 16],
			"faces": {
				"north": {"uv": [7, 5, 8, 15], "texture": "#1"},
				"east": {"uv": [0, 5, 16, 15], "texture": "#1"},
				"south": {"uv": [11, 5, 12, 15], "texture": "#1"},
				"west": {"uv": [0, 5, 16, 15], "texture": "#1"},
				"up": {"uv": [5, 16, 4, 0], "texture": "#1"},
				"down": {"uv": [9.75, 1.25, 9.5, 5.25], "texture": "#1"}
			}
		},
		{
			"name": "back",
			"from": [1, 1, 15],
			"to": [15, 12, 16],
			"faces": {
				"north": {"uv": [1, 0, 15, 11], "texture": "#1"},
				"east": {"uv": [2.5, 10.25, 2.75, 13], "texture": "#1"},
				"south": {"uv": [1, 4, 15, 15], "texture": "#1"},
				"west": {"uv": [6.25, 10.25, 6.5, 13], "texture": "#1"},
				"up": {"uv": [15, 3, 1, 2], "texture": "#1"},
				"down": {"uv": [9.75, 10, 6.25, 10.25], "texture": "#1"}
			}
		},
		{
			"name": "right",
			"from": [15, 1, 0],
			"to": [16, 11, 16],
			"faces": {
				"north": {"uv": [7, 5, 8, 15], "texture": "#1"},
				"east": {"uv": [0, 5, 16, 15], "texture": "#1"},
				"south": {"uv": [8, 5, 9, 15], "texture": "#1"},
				"west": {"uv": [0, 5, 16, 15], "texture": "#1"},
				"up": {"uv": [5, 16, 4, 0], "texture": "#1"},
				"down": {"uv": [4.5, 6.5, 4.25, 10.5], "texture": "#1"}
			}
		}
	],
	"display": {
		"thirdperson_righthand": {
			"rotation": [44, 42, 0],
			"translation": [0, 2, 0.5],
			"scale": [0.3, 0.3, 0.3]
		},
		"thirdperson_lefthand": {
			"rotation": [44, 42, 0],
			"translation": [0, 2, 0.5],
			"scale": [0.3, 0.3, 0.3]
		},
		"firstperson_righthand": {
			"rotation": [5, 48, 0],
			"translation": [-0.25, 1.75, 1],
			"scale": [0.4, 0.4, 0.4]
		},
		"firstperson_lefthand": {
			"rotation": [5, 48, 0],
			"translation": [-0.25, 1.75, 1],
			"scale": [0.4, 0.4, 0.4]
		},
		"ground": {
			"translation": [0, 1.5, 0],
			"scale": [0.3, 0.3, 0.3]
		},
		"gui": {
			"rotation": [21, -149, 0],
			"translation": [0, 0.25, 0],
			"scale": [0.68, 0.68, 0.68]
		},
		"fixed": {
			"rotation": [-90, 0, 0],
			"translation": [0, 0, -16],
			"scale": [2.001, 2.001, 2.001]
		}
	},
	"groups": [
		0,
		{
			"name": "top_parts",
			"origin": [8, 8, 8],
			"color": 0,
			"children": [1, 2]
		},
		{
			"name": "bed_outline",
			"origin": [8, 8, 8],
			"color": 0,
			"children": [3, 4, 5, 6, 7, 8, 9]
		},
		{
			"name": "legs",
			"origin": [8, 8, 8],
			"color": 0,
			"children": []
		}
	]
}