{
	"textures": {
		"0": "tcc:entity/wandering_witch/main"
	},
	"elements": [
		{
			"name": "torso",
			"from": [4, 6, 5],
			"to": [12, 18, 11],
			"faces": {
				"north": {"uv": [5.5, 6.5, 7.5, 9.5], "texture": "#0"},
				"east": {"uv": [4, 6.5, 5.5, 9.5], "texture": "#0"},
				"south": {"uv": [9, 6.5, 11, 9.5], "texture": "#0"},
				"west": {"uv": [7.5, 6.5, 9, 9.5], "texture": "#0"},
				"up": {"uv": [5.5, 5, 7.5, 6.5], "texture": "#0"},
				"down": {"uv": [7.5, 5, 10, 6.5], "texture": "#0"}
			}
		},
		{
			"name": "robe_outside",
			"from": [3.5, -1.5, 4.5],
			"to": [12.5, 18.5, 11.5],
			"faces": {
				"north": {"uv": [1.5, 11, 3.5, 16], "texture": "#0"},
				"east": {"uv": [0, 11, 1.5, 16], "texture": "#0"},
				"south": {"uv": [5, 11, 7, 16], "texture": "#0"},
				"west": {"uv": [3.5, 11, 5, 16], "texture": "#0"},
				"up": {"uv": [3.5, 11, 1.5, 9.5], "texture": "#0"}
			}
		},
		{
			"name": "robe_inside",
			"from": [3.5, 18.5, 4.5],
			"to": [12.5, -1.5, 11.5],
			"faces": {
				"north": {"uv": [3.5, 11, 1.5, 16], "rotation": 180, "texture": "#0"},
				"east": {"uv": [1.5, 11, 0, 16], "rotation": 180, "texture": "#0"},
				"south": {"uv": [7, 11, 5, 16], "rotation": 180, "texture": "#0"},
				"west": {"uv": [5, 11, 3.5, 16], "rotation": 180, "texture": "#0"},
				"down": {"uv": [3.5, 9.5, 1.5, 11], "texture": "#0"}
			}
		},
		{
			"name": "left_arm",
			"from": [0, 8, 5],
			"to": [4, 16, 9],
			"rotation": {"angle": 45, "axis": "x", "origin": [14, 14, 8]},
			"faces": {
				"north": {"uv": [13, 6.5, 12, 8.5], "texture": "#0"},
				"east": {"uv": [14, 6.5, 13, 8.5], "texture": "#0"},
				"south": {"uv": [15, 6.5, 14, 8.5], "texture": "#0"},
				"west": {"uv": [12, 6.5, 11, 8.5], "texture": "#0"},
				"up": {"uv": [13, 5.5, 12, 6.5], "texture": "#0"},
				"down": {"uv": [14, 5.5, 13, 6.5], "texture": "#0"}
			}
		},
		{
			"name": "right_arm",
			"from": [12, 8, 5],
			"to": [16, 16, 9],
			"rotation": {"angle": 45, "axis": "x", "origin": [14, 14, 8]},
			"faces": {
				"north": {"uv": [12, 6.5, 13, 8.5], "texture": "#0"},
				"east": {"uv": [11, 6.5, 12, 8.5], "texture": "#0"},
				"south": {"uv": [14, 6.5, 15, 8.5], "texture": "#0"},
				"west": {"uv": [13, 6.5, 14, 8.5], "texture": "#0"},
				"up": {"uv": [13, 5.5, 12, 6.5], "texture": "#0"},
				"down": {"uv": [14, 5.5, 13, 6.5], "texture": "#0"}
			}
		},
		{
			"name": "middle_arm",
			"from": [4, 8, 5],
			"to": [12, 12, 9],
			"rotation": {"angle": 45, "axis": "x", "origin": [14, 14, 8]},
			"faces": {
				"north": {"uv": [11, 10.5, 13, 11.5], "texture": "#0"},
				"east": {"uv": [11, 10.5, 10, 11.5], "texture": "#0"},
				"south": {"uv": [16, 11.5, 14, 10.5], "texture": "#0"},
				"west": {"uv": [13, 10.5, 14, 11.5], "texture": "#0"},
				"up": {"uv": [13, 10.5, 11, 9.5], "texture": "#0"},
				"down": {"uv": [15, 9.5, 13, 10.5], "texture": "#0"}
			}
		},
		{
			"name": "left_leg",
			"from": [4, -6, 6],
			"to": [8, 6, 10],
			"rotation": {"angle": 0, "axis": "x", "origin": [6, 5, 8]},
			"faces": {
				"north": {"uv": [2, 6.5, 1, 9.5], "texture": "#0"},
				"east": {"uv": [0, 6.5, 1, 9.5], "texture": "#0"},
				"south": {"uv": [3, 6.5, 4, 9.5], "texture": "#0"},
				"west": {"uv": [2, 6.5, 3, 9.5], "texture": "#0"},
				"up": {"uv": [1, 5.5, 2, 6.5], "rotation": 180, "texture": "#0"},
				"down": {"uv": [2, 5.5, 3, 6.5], "rotation": 180, "texture": "#0"}
			}
		},
		{
			"name": "right_leg",
			"from": [8, -6, 6],
			"to": [12, 6, 10],
			"rotation": {"angle": 0, "axis": "x", "origin": [10, 5, 8]},
			"faces": {
				"north": {"uv": [1, 6.5, 2, 9.5], "texture": "#0"},
				"east": {"uv": [0, 6.5, 1, 9.5], "texture": "#0"},
				"south": {"uv": [3, 6.5, 4, 9.5], "texture": "#0"},
				"west": {"uv": [2, 6.5, 3, 9.5], "texture": "#0"},
				"up": {"uv": [1, 5.5, 2, 6.5], "texture": "#0"},
				"down": {"uv": [2, 5.5, 3, 6.5], "rotation": 180, "texture": "#0"}
			}
		}
	],
	"display": {
		"ground": {
			"rotation": [0, -180, 0],
			"translation": [0, -3.5, -6.4]
		}
	}
}