{
	"textures": {
		"0": "tcc:entity/wandering_witch/main"
	},
	"elements": [
		{
			"name": "face",
			"from": [4, 0, 4],
			"to": [12, 10, 12],
			"rotation": {"angle": 0, "axis": "y", "origin": [12, 8, 12]},
			"faces": {
				"north": {"uv": [2, 2, 4, 4.5], "texture": "#0"},
				"east": {"uv": [0, 2, 2, 4.5], "texture": "#0"},
				"south": {"uv": [6, 2, 8, 4.5], "texture": "#0"},
				"west": {"uv": [4, 2, 6, 4.5], "texture": "#0"},
				"up": {"uv": [2, 0, 4, 2], "texture": "#0"},
				"down": {"uv": [4, 0, 6, 2], "texture": "#0"}
			}
		},
		{
			"name": "nose",
			"from": [7, -1, 1.999],
			"to": [9, 3, 3.999],
			"rotation": {"angle": 0, "axis": "y", "origin": [15, 7, 11]},
			"faces": {
				"north": {"uv": [6.5, 0.5, 7, 1.5], "texture": "#0"},
				"east": {"uv": [6, 0.5, 6.5, 1.5], "texture": "#0"},
				"south": {"uv": [7.5, 0.5, 8, 1.5], "texture": "#0"},
				"west": {"uv": [7, 0.5, 7.5, 1.5], "texture": "#0"},
				"up": {"uv": [7, 0, 7.5, 0.5], "texture": "#0"},
				"down": {"uv": [6.5, 0, 7, 0.5], "texture": "#0"}
			}
		},
		{
			"name": "hood_outside",
			"from": [3.5, -0.5, 3.5],
			"to": [12.5, 10.5, 12.5],
			"rotation": {"angle": 0, "axis": "y", "origin": [12, 8, 12]},
			"faces": {
				"north": {"uv": [10.25, 2.25, 12.5, 5], "texture": "#0"},
				"east": {"uv": [8, 2.25, 10.25, 5], "texture": "#0"},
				"south": {"uv": [12.5, 2.25, 14.75, 5], "texture": "#0"},
				"west": {"uv": [10.25, 2.25, 8, 5], "texture": "#0"},
				"up": {"uv": [10.25, 0, 12.5, 2.25], "rotation": 180, "texture": "#0"},
				"down": {"uv": [12.5, 0, 14.75, 2.25], "texture": "#0"}
			}
		},
		{
			"name": "hood_inside",
			"from": [12.5, 10.5, 12.5],
			"to": [3.5, -0.5, 3.5],
			"rotation": {"angle": 0, "axis": "y", "origin": [12, 8, 12]},
			"faces": {
				"north": {"uv": [12.5, 5, 14.75, 2.25], "texture": "#0"},
				"east": {"uv": [10.25, 5, 8, 2.25], "texture": "#0"},
				"south": {"uv": [10.25, 5, 12.5, 2.25], "texture": "#0"},
				"west": {"uv": [8, 5, 10.25, 2.25], "texture": "#0"},
				"up": {"uv": [14.75, 0, 12.5, 2.25], "texture": "#0"},
				"down": {"uv": [12.5, 0, 10.25, 2.25], "rotation": 180, "texture": "#0"}
			}
		}
	],
	"display": {
		"head": {
			"translation": [0, 6.5, 0],
			"scale": [1.601, 1.601, 1.601]
		}
	}
}